{
  "Resources": {
    "ThreeTierVPCA9012DDB": {
      "Type": "AWS::ServiceCatalog::CloudFormationProduct",
      "Properties": {
        "Name": "ThreeTierVPC",
        "Owner": "Bhavik Shah",
        "ProvisioningArtifactParameters": [
          {
            "DisableTemplateValidation": false,
            "Info": {
              "LoadTemplateFromURL": {
                "Fn::Join": [
                  "",
                  [
                    "https://s3.",
                    {
                      "Ref": "AWS::Region"
                    },
                    ".",
                    {
                      "Ref": "AWS::URLSuffix"
                    },
                    "/",
                    {
                      "Ref": "AssetParametersa87bd5ca40c220bd655d12a2bc749065e80c62931600093cfff5e66294cd3b2dS3Bucket11A629F7"
                    },
                    "/",
                    {
                      "Fn::Select": [
                        0,
                        {
                          "Fn::Split": [
                            "||",
                            {
                              "Ref": "AssetParametersa87bd5ca40c220bd655d12a2bc749065e80c62931600093cfff5e66294cd3b2dS3VersionKeyDB51B7A2"
                            }
                          ]
                        }
                      ]
                    },
                    {
                      "Fn::Select": [
                        1,
                        {
                          "Fn::Split": [
                            "||",
                            {
                              "Ref": "AssetParametersa87bd5ca40c220bd655d12a2bc749065e80c62931600093cfff5e66294cd3b2dS3VersionKeyDB51B7A2"
                            }
                          ]
                        }
                      ]
                    }
                  ]
                ]
              }
            },
            "Name": "v0.1"
          }
        ]
      },
      "Metadata": {
        "aws:cdk:path": "threeTierVPC/ThreeTierVPC/Resource"
      }
    },
    "CDKMetadata": {
      "Type": "AWS::CDK::Metadata",
      "Properties": {
        "Analytics": "v2:deflate64:H4sIAAAAAAAA/22OzQrDIBCEn6V3s6kEci4IPZf0CWTdFvPjwqrJQXz3RtpjTzPwzQyjQQ8jXC83e8QO3dIXZCEoz2RxUYZDTJIxKfMKE0XOgtT8CZxPnkNVrRhJdo+ENtmV31DMytndWTbbMg9h99v4C2pVgR3BHPtdjzCcd+bofSc5JL8RTF/9AJGuBQCrAAAA"
      },
      "Metadata": {
        "aws:cdk:path": "threeTierVPC/CDKMetadata/Default"
      },
      "Condition": "CDKMetadataAvailable"
    }
  },
  "Conditions": {
    "CDKMetadataAvailable": {
      "Fn::Or": [
        {
          "Fn::Or": [
            {
              "Fn::Equals": [
                {
                  "Ref": "AWS::Region"
                },
                "af-south-1"
              ]
            },
            {
              "Fn::Equals": [
                {
                  "Ref": "AWS::Region"
                },
                "ap-east-1"
              ]
            },
            {
              "Fn::Equals": [
                {
                  "Ref": "AWS::Region"
                },
                "ap-northeast-1"
              ]
            },
            {
              "Fn::Equals": [
                {
                  "Ref": "AWS::Region"
                },
                "ap-northeast-2"
              ]
            },
            {
              "Fn::Equals": [
                {
                  "Ref": "AWS::Region"
                },
                "ap-south-1"
              ]
            },
            {
              "Fn::Equals": [
                {
                  "Ref": "AWS::Region"
                },
                "ap-southeast-1"
              ]
            },
            {
              "Fn::Equals": [
                {
                  "Ref": "AWS::Region"
                },
                "ap-southeast-2"
              ]
            },
            {
              "Fn::Equals": [
                {
                  "Ref": "AWS::Region"
                },
                "ca-central-1"
              ]
            },
            {
              "Fn::Equals": [
                {
                  "Ref": "AWS::Region"
                },
                "cn-north-1"
              ]
            },
            {
              "Fn::Equals": [
                {
                  "Ref": "AWS::Region"
                },
                "cn-northwest-1"
              ]
            }
          ]
        },
        {
          "Fn::Or": [
            {
              "Fn::Equals": [
                {
                  "Ref": "AWS::Region"
                },
                "eu-central-1"
              ]
            },
            {
              "Fn::Equals": [
                {
                  "Ref": "AWS::Region"
                },
                "eu-north-1"
              ]
            },
            {
              "Fn::Equals": [
                {
                  "Ref": "AWS::Region"
                },
                "eu-south-1"
              ]
            },
            {
              "Fn::Equals": [
                {
                  "Ref": "AWS::Region"
                },
                "eu-west-1"
              ]
            },
            {
              "Fn::Equals": [
                {
                  "Ref": "AWS::Region"
                },
                "eu-west-2"
              ]
            },
            {
              "Fn::Equals": [
                {
                  "Ref": "AWS::Region"
                },
                "eu-west-3"
              ]
            },
            {
              "Fn::Equals": [
                {
                  "Ref": "AWS::Region"
                },
                "me-south-1"
              ]
            },
            {
              "Fn::Equals": [
                {
                  "Ref": "AWS::Region"
                },
                "sa-east-1"
              ]
            },
            {
              "Fn::Equals": [
                {
                  "Ref": "AWS::Region"
                },
                "us-east-1"
              ]
            },
            {
              "Fn::Equals": [
                {
                  "Ref": "AWS::Region"
                },
                "us-east-2"
              ]
            }
          ]
        },
        {
          "Fn::Or": [
            {
              "Fn::Equals": [
                {
                  "Ref": "AWS::Region"
                },
                "us-west-1"
              ]
            },
            {
              "Fn::Equals": [
                {
                  "Ref": "AWS::Region"
                },
                "us-west-2"
              ]
            }
          ]
        }
      ]
    }
  },
  "Outputs": {
    "ExportsOutputRefThreeTierVPCA9012DDB42C6ACD5": {
      "Value": {
        "Ref": "ThreeTierVPCA9012DDB"
      },
      "Export": {
        "Name": "threeTierVPC:ExportsOutputRefThreeTierVPCA9012DDB42C6ACD5"
      }
    }
  },
  "Parameters": {
    "AssetParametersa87bd5ca40c220bd655d12a2bc749065e80c62931600093cfff5e66294cd3b2dS3Bucket11A629F7": {
      "Type": "String",
      "Description": "S3 bucket for asset \"a87bd5ca40c220bd655d12a2bc749065e80c62931600093cfff5e66294cd3b2d\""
    },
    "AssetParametersa87bd5ca40c220bd655d12a2bc749065e80c62931600093cfff5e66294cd3b2dS3VersionKeyDB51B7A2": {
      "Type": "String",
      "Description": "S3 key for asset version \"a87bd5ca40c220bd655d12a2bc749065e80c62931600093cfff5e66294cd3b2d\""
    },
    "AssetParametersa87bd5ca40c220bd655d12a2bc749065e80c62931600093cfff5e66294cd3b2dArtifactHashC6D3B5E5": {
      "Type": "String",
      "Description": "Artifact hash for asset \"a87bd5ca40c220bd655d12a2bc749065e80c62931600093cfff5e66294cd3b2d\""
    }
  }
}