{
  "version": "tree-0.1",
  "tree": {
    "id": "App",
    "path": "",
    "children": {
      "Tree": {
        "id": "Tree",
        "path": "Tree",
        "constructInfo": {
          "fqn": "@aws-cdk/core.Construct",
          "version": "1.136.0"
        }
      },
      "threeTierVPC": {
        "id": "threeTierVPC",
        "path": "threeTierVPC",
        "children": {
          "ThreeTierVPCProduct": {
            "id": "ThreeTierVPCProduct",
            "path": "threeTierVPC/ThreeTierVPCProduct",
            "children": {
              "natGateways": {
                "id": "natGateways",
                "path": "threeTierVPC/ThreeTierVPCProduct/natGateways",
                "constructInfo": {
                  "fqn": "@aws-cdk/core.CfnParameter",
                  "version": "1.136.0"
                }
              },
              "maxAzs": {
                "id": "maxAzs",
                "path": "threeTierVPC/ThreeTierVPCProduct/maxAzs",
                "constructInfo": {
                  "fqn": "@aws-cdk/core.CfnParameter",
                  "version": "1.136.0"
                }
              },
              "publicCidrMask": {
                "id": "publicCidrMask",
                "path": "threeTierVPC/ThreeTierVPCProduct/publicCidrMask",
                "constructInfo": {
                  "fqn": "@aws-cdk/core.CfnParameter",
                  "version": "1.136.0"
                }
              },
              "privateCidrMask": {
                "id": "privateCidrMask",
                "path": "threeTierVPC/ThreeTierVPCProduct/privateCidrMask",
                "constructInfo": {
                  "fqn": "@aws-cdk/core.CfnParameter",
                  "version": "1.136.0"
                }
              },
              "isolatedCidrMask": {
                "id": "isolatedCidrMask",
                "path": "threeTierVPC/ThreeTierVPCProduct/isolatedCidrMask",
                "constructInfo": {
                  "fqn": "@aws-cdk/core.CfnParameter",
                  "version": "1.136.0"
                }
              },
              "threeTierVPC": {
                "id": "threeTierVPC",
                "path": "threeTierVPC/ThreeTierVPCProduct/threeTierVPC",
                "children": {
                  "Resource": {
                    "id": "Resource",
                    "path": "threeTierVPC/ThreeTierVPCProduct/threeTierVPC/Resource",
                    "attributes": {
                      "aws:cdk:cloudformation:type": "AWS::EC2::VPC",
                      "aws:cdk:cloudformation:props": {
                        "cidrBlock": "10.0.0.0/16",
                        "enableDnsHostnames": true,
                        "enableDnsSupport": true,
                        "instanceTenancy": "default",
                        "tags": [
                          {
                            "key": "Name",
                            "value": "threeTierVPC/ThreeTierVPCProduct/threeTierVPC"
                          }
                        ]
                      }
                    },
                    "constructInfo": {
                      "fqn": "@aws-cdk/aws-ec2.CfnVPC",
                      "version": "1.136.0"
                    }
                  },
                  "IGW": {
                    "id": "IGW",
                    "path": "threeTierVPC/ThreeTierVPCProduct/threeTierVPC/IGW",
                    "attributes": {
                      "aws:cdk:cloudformation:type": "AWS::EC2::InternetGateway",
                      "aws:cdk:cloudformation:props": {
                        "tags": [
                          {
                            "key": "Name",
                            "value": "threeTierVPC/ThreeTierVPCProduct/threeTierVPC"
                          }
                        ]
                      }
                    },
                    "constructInfo": {
                      "fqn": "@aws-cdk/aws-ec2.CfnInternetGateway",
                      "version": "1.136.0"
                    }
                  },
                  "VPCGW": {
                    "id": "VPCGW",
                    "path": "threeTierVPC/ThreeTierVPCProduct/threeTierVPC/VPCGW",
                    "attributes": {
                      "aws:cdk:cloudformation:type": "AWS::EC2::VPCGatewayAttachment",
                      "aws:cdk:cloudformation:props": {
                        "vpcId": {
                          "Ref": "threeTierVPCD9BCAFF3"
                        },
                        "internetGatewayId": {
                          "Ref": "threeTierVPCIGWA8EF5B6A"
                        }
                      }
                    },
                    "constructInfo": {
                      "fqn": "@aws-cdk/aws-ec2.CfnVPCGatewayAttachment",
                      "version": "1.136.0"
                    }
                  }
                },
                "constructInfo": {
                  "fqn": "@aws-cdk/aws-ec2.Vpc",
                  "version": "1.136.0"
                }
              },
              "CDKMetadata": {
                "id": "CDKMetadata",
                "path": "threeTierVPC/ThreeTierVPCProduct/CDKMetadata",
                "children": {
                  "Default": {
                    "id": "Default",
                    "path": "threeTierVPC/ThreeTierVPCProduct/CDKMetadata/Default",
                    "constructInfo": {
                      "fqn": "@aws-cdk/core.CfnResource",
                      "version": "1.136.0"
                    }
                  },
                  "Condition": {
                    "id": "Condition",
                    "path": "threeTierVPC/ThreeTierVPCProduct/CDKMetadata/Condition",
                    "constructInfo": {
                      "fqn": "@aws-cdk/core.CfnCondition",
                      "version": "1.136.0"
                    }
                  }
                },
                "constructInfo": {
                  "fqn": "@aws-cdk/core.Construct",
                  "version": "1.136.0"
                }
              }
            },
            "constructInfo": {
              "fqn": "@aws-cdk/aws-servicecatalog.ProductStack",
              "version": "1.136.0"
            }
          },
          "ThreeTierVPC": {
            "id": "ThreeTierVPC",
            "path": "threeTierVPC/ThreeTierVPC",
            "children": {
              "Resource": {
                "id": "Resource",
                "path": "threeTierVPC/ThreeTierVPC/Resource",
                "attributes": {
                  "aws:cdk:cloudformation:type": "AWS::ServiceCatalog::CloudFormationProduct",
                  "aws:cdk:cloudformation:props": {
                    "name": "ThreeTierVPC",
                    "owner": "Bhavik Shah",
                    "provisioningArtifactParameters": [
                      {
                        "name": "v0.1",
                        "disableTemplateValidation": false,
                        "info": {}
                      }
                    ]
                  }
                },
                "constructInfo": {
                  "fqn": "@aws-cdk/aws-servicecatalog.CfnCloudFormationProduct",
                  "version": "1.136.0"
                }
              }
            },
            "constructInfo": {
              "fqn": "@aws-cdk/aws-servicecatalog.CloudFormationProduct",
              "version": "1.136.0"
            }
          },
          "CDKMetadata": {
            "id": "CDKMetadata",
            "path": "threeTierVPC/CDKMetadata",
            "children": {
              "Default": {
                "id": "Default",
                "path": "threeTierVPC/CDKMetadata/Default",
                "constructInfo": {
                  "fqn": "@aws-cdk/core.CfnResource",
                  "version": "1.136.0"
                }
              },
              "Condition": {
                "id": "Condition",
                "path": "threeTierVPC/CDKMetadata/Condition",
                "constructInfo": {
                  "fqn": "@aws-cdk/core.CfnCondition",
                  "version": "1.136.0"
                }
              }
            },
            "constructInfo": {
              "fqn": "@aws-cdk/core.Construct",
              "version": "1.136.0"
            }
          },
          "Exports": {
            "id": "Exports",
            "path": "threeTierVPC/Exports",
            "children": {
              "Output{\"Ref\":\"ThreeTierVPCA9012DDB\"}": {
                "id": "Output{\"Ref\":\"ThreeTierVPCA9012DDB\"}",
                "path": "threeTierVPC/Exports/Output{\"Ref\":\"ThreeTierVPCA9012DDB\"}",
                "constructInfo": {
                  "fqn": "@aws-cdk/core.CfnOutput",
                  "version": "1.136.0"
                }
              }
            },
            "constructInfo": {
              "fqn": "@aws-cdk/core.Construct",
              "version": "1.136.0"
            }
          }
        },
        "constructInfo": {
          "fqn": "@aws-cdk/core.Stack",
          "version": "1.136.0"
        }
      },
      "NetworkFoundationsPortfolioStack": {
        "id": "NetworkFoundationsPortfolioStack",
        "path": "NetworkFoundationsPortfolioStack",
        "children": {
          "NetworkPortfolio": {
            "id": "NetworkPortfolio",
            "path": "NetworkFoundationsPortfolioStack/NetworkPortfolio",
            "children": {
              "Resource": {
                "id": "Resource",
                "path": "NetworkFoundationsPortfolioStack/NetworkPortfolio/Resource",
                "attributes": {
                  "aws:cdk:cloudformation:type": "AWS::ServiceCatalog::Portfolio",
                  "aws:cdk:cloudformation:props": {
                    "displayName": "NetworkPortfolio",
                    "providerName": "Bhavik Shah"
                  }
                },
                "constructInfo": {
                  "fqn": "@aws-cdk/aws-servicecatalog.CfnPortfolio",
                  "version": "1.136.0"
                }
              },
              "PortolioPrincipalAssociation4eec35c4f3d1": {
                "id": "PortolioPrincipalAssociation4eec35c4f3d1",
                "path": "NetworkFoundationsPortfolioStack/NetworkPortfolio/PortolioPrincipalAssociation4eec35c4f3d1",
                "attributes": {
                  "aws:cdk:cloudformation:type": "AWS::ServiceCatalog::PortfolioPrincipalAssociation",
                  "aws:cdk:cloudformation:props": {
                    "portfolioId": {
                      "Ref": "NetworkPortfolio3559A230"
                    },
                    "principalArn": "arn:aws:iam::899456967600:role/aws-reserved/sso.amazonaws.com/AWSReservedSSO_AWSAdministratorAccess_30f517a3940f0385",
                    "principalType": "IAM"
                  }
                },
                "constructInfo": {
                  "fqn": "@aws-cdk/aws-servicecatalog.CfnPortfolioPrincipalAssociation",
                  "version": "1.136.0"
                }
              },
              "PortfolioProductAssociationbbae2dafc30d": {
                "id": "PortfolioProductAssociationbbae2dafc30d",
                "path": "NetworkFoundationsPortfolioStack/NetworkPortfolio/PortfolioProductAssociationbbae2dafc30d",
                "attributes": {
                  "aws:cdk:cloudformation:type": "AWS::ServiceCatalog::PortfolioProductAssociation",
                  "aws:cdk:cloudformation:props": {
                    "portfolioId": {
                      "Ref": "NetworkPortfolio3559A230"
                    },
                    "productId": {
                      "Fn::ImportValue": "threeTierVPC:ExportsOutputRefThreeTierVPCA9012DDB42C6ACD5"
                    }
                  }
                },
                "constructInfo": {
                  "fqn": "@aws-cdk/aws-servicecatalog.CfnPortfolioProductAssociation",
                  "version": "1.136.0"
                }
              }
            },
            "constructInfo": {
              "fqn": "@aws-cdk/aws-servicecatalog.Portfolio",
              "version": "1.136.0"
            }
          },
          "ExistingAdminRole": {
            "id": "ExistingAdminRole",
            "path": "NetworkFoundationsPortfolioStack/ExistingAdminRole",
            "constructInfo": {
              "fqn": "@aws-cdk/core.Resource",
              "version": "1.136.0"
            }
          },
          "CDKMetadata": {
            "id": "CDKMetadata",
            "path": "NetworkFoundationsPortfolioStack/CDKMetadata",
            "children": {
              "Default": {
                "id": "Default",
                "path": "NetworkFoundationsPortfolioStack/CDKMetadata/Default",
                "constructInfo": {
                  "fqn": "@aws-cdk/core.CfnResource",
                  "version": "1.136.0"
                }
              },
              "Condition": {
                "id": "Condition",
                "path": "NetworkFoundationsPortfolioStack/CDKMetadata/Condition",
                "constructInfo": {
                  "fqn": "@aws-cdk/core.CfnCondition",
                  "version": "1.136.0"
                }
              }
            },
            "constructInfo": {
              "fqn": "@aws-cdk/core.Construct",
              "version": "1.136.0"
            }
          }
        },
        "constructInfo": {
          "fqn": "@aws-cdk/core.Stack",
          "version": "1.136.0"
        }
      }
    },
    "constructInfo": {
      "fqn": "@aws-cdk/core.App",
      "version": "1.136.0"
    }
  }
}